{
  "model": "test_model",
  "budget": 341386,
  "advanced": true,
  "enable_rr": true,
  "channels": {
    "sms": [
      9012,
      0.05330816129820883,
      9.69077203196579e-05
    ],
    "email": [
      45768,
      0.008779755759727004,
      0.0006573521903551734
    ],
    "push": [
      4384527,
      0.008776818060531842,
      0.0005930336489579419
    ],
    "phone": [
      9078,
      3.7294228399745974,
      0.0089579651997125
    ]
  },
  "products": {
    "credit_card": 200013,
    "debit_card": 6544,
    "loan": 375578,
    "auto_c": 222755,
    "subscr": 403,
    "cash": 67881
  }
}